value,count,share
Moscow,11,0.39285714285714285
Saint Petersburg,3,0.10714285714285714
Almaty,3,0.10714285714285714
Minsk,3,0.10714285714285714
Kyiv,2,0.07142857142857142
Astana,2,0.07142857142857142
Novosibirsk,1,0.03571428571428571
Yekaterinburg,1,0.03571428571428571
Kazan,1,0.03571428571428571
Lviv,1,0.03571428571428571
